loss,accuracy,recall,precision,miou,f1_score
0.33042559027671814,0.8751246333122253,0.7531969547271729,0.8482732772827148,0.3999987840652466,0.872852623462677
