loss,accuracy,recall,precision,miou,f1_score
0.11059223115444183,0.899020254611969,0.9410819411277771,0.9480534791946411,0.6571018099784851,0.898777425289154
