loss,accuracy,recall,precision,miou,f1_score
0.1197395846247673,0.9346264600753784,0.8079633712768555,0.7235533595085144,0.4203300476074219,0.9339779615402222
