loss,accuracy,recall,precision,miou,f1_score
0.1669701784849167,0.8576470613479614,0.8103392720222473,0.7447935938835144,0.4183118939399719,0.8581658601760864
