loss,accuracy,recall,precision,miou,f1_score
0.10652559995651245,0.9316262602806091,0.7954732775688171,0.738365113735199,0.4211949110031128,0.9317653179168701
