loss,accuracy,recall,precision,miou,f1_score
0.1612848937511444,0.924574613571167,0.7828658819198608,0.7094380259513855,0.4214281439781189,0.92322838306427
