loss,accuracy,recall,precision,miou,f1_score
0.22412723302841187,0.8528074026107788,0.6961108446121216,0.7227767705917358,0.41466936469078064,0.8505979776382446
