epoch,val_loss,val_accuracy,val_recall,val_precision,val_miou,val_f1_score,loss,accuracy,recall,precision,miou,f1_score,lr
1,5.419905662536621,0.052823808044195175,0.010607060045003891,0.03713487833738327,0.41719216108322144,0.05105878412723541,1.4686094522476196,0.1120762825012207,0.010532665997743607,0.0690007358789444,0.4189963936805725,0.014623849652707577,9.999999747378752e-05
2,6.652721881866455,0.02250162698328495,0.01466820016503334,0.03937472403049469,0.4165470600128174,0.015447096899151802,1.3386535048484802,0.15923666954040527,0.015762953087687492,0.0458662286400795,0.41695618629455566,0.013434110209345818,9.999999747378752e-05
3,4.261442184448242,0.02334170788526535,0.012936046347022057,0.03473156690597534,0.41509607434272766,0.013541391119360924,1.4060097634792328,0.2054206132888794,0.013344697654247284,0.03668603301048279,0.4153417944908142,0.014156429097056389,9.999999747378752e-05
4,3.8623390197753906,0.09956274926662445,0.015889622271060944,0.04368411749601364,0.4148663878440857,0.08987940102815628,1.3195471465587616,0.25706183910369873,0.012886203825473785,0.035148099064826965,0.41519078612327576,0.02212957665324211,9.999999747378752e-05
5,3.2520103454589844,0.07028749585151672,0.01735326647758484,0.05005718022584915,0.41461890935897827,0.0450056754052639,1.3571094870567322,0.2766540050506592,0.01640685647726059,0.04677577689290047,0.4146321713924408,0.02320205792784691,9.999999747378752e-05
