loss,accuracy,recall,precision,miou,f1_score
0.11708757281303406,0.9436399936676025,0.8092767000198364,0.7451171875,0.4155822992324829,0.9428567886352539
