loss,accuracy,recall,precision,miou,f1_score
0.24388699233531952,0.8370882272720337,0.6608423590660095,0.7138512134552002,0.41466957330703735,0.8397557735443115
