epoch,val_loss,val_accuracy,val_recall,val_precision,val_miou,val_f1_score,loss,accuracy,recall,precision,miou,f1_score,lr
1,0.5129905343055725,0.7773924469947815,0.44729915261268616,0.6764102578163147,0.41654154658317566,0.7566182017326355,0.7981501075924171,0.634791374206543,0.2761256694793701,0.6556636095046997,0.41904476284980774,0.4821060001850128,9.999999747378752e-05
2,0.20661459863185883,0.8291336297988892,0.5929142832756042,0.6830980181694031,0.41579219698905945,0.8325780630111694,0.48021133732241933,0.7958881258964539,0.5363026261329651,0.6798480749130249,0.41595739126205444,0.6714608669281006,9.999999747378752e-05
3,0.19188424944877625,0.843214213848114,0.6451758146286011,0.6967905163764954,0.4155091345310211,0.8390553593635559,0.4315632900136607,0.7867082357406616,0.6236720085144043,0.689864993095398,0.41571566462516785,0.6935145258903503,9.999999747378752e-05
4,0.17123264074325562,0.8471981883049011,0.6730870008468628,0.7083083391189575,0.41525033116340637,0.8462074398994446,0.4126369983030706,0.7805347442626953,0.6601532101631165,0.702423095703125,0.4153757691383362,0.7114681005477905,9.999999747378752e-05
5,0.2301328480243683,0.8514878153800964,0.6910430192947388,0.7168019413948059,0.41515567898750305,0.8497074842453003,0.4004522050141122,0.7638378739356995,0.6827879548072815,0.7131162881851196,0.4151546359062195,0.7212812900543213,9.999999747378752e-05
