loss,accuracy,recall,precision,miou,f1_score
4.391055107116699,0.06734506040811539,0.025576090440154076,0.06267635524272919,0.40745237469673157,0.04244998097419739
