loss,accuracy,recall,precision,miou,f1_score
0.19157591462135315,0.9332723021507263,0.7911408543586731,0.7165620923042297,0.4198834300041199,0.9335036873817444
