loss,accuracy,recall,precision,miou,f1_score
0.11363573372364044,0.9417144060134888,0.7992820143699646,0.7417646050453186,0.4163346290588379,0.9408746361732483
