epoch,val_loss,val_accuracy,val_recall,val_precision,val_miou,val_f1_score,loss,accuracy,recall,precision,miou,f1_score,lr
1,0.5452142953872681,0.7110233306884766,0.31954583525657654,0.6684728860855103,0.41680264472961426,0.7114608883857727,0.9604982151524654,0.5331937670707703,0.10141928493976593,0.422817200422287,0.4196206033229828,0.32373911142349243,9.999999747378752e-05
2,0.34523868560791016,0.8183075785636902,0.5251755118370056,0.6753849387168884,0.415690541267395,0.8197706937789917,0.5042787510856148,0.7933603525161743,0.446124792098999,0.6708228588104248,0.4159947335720062,0.6638118624687195,9.999999747378752e-05
3,0.24009943008422852,0.8292616605758667,0.5981298685073853,0.6911710500717163,0.41523277759552,0.8354055881500244,0.45003569246358566,0.7922449111938477,0.5687347054481506,0.6836773753166199,0.41538840532302856,0.6874478459358215,9.999999747378752e-05
4,0.24439173936843872,0.8291060924530029,0.6334434151649475,0.7014136910438538,0.41521260142326355,0.8372002243995667,0.4181168119817025,0.7818847298622131,0.6186082363128662,0.6971418857574463,0.4152371287345886,0.6938732266426086,9.999999747378752e-05
5,0.2171938270330429,0.8345882892608643,0.6546101570129395,0.7075216174125671,0.4151674211025238,0.837908923625946,0.40583371278126257,0.7791402339935303,0.6446201205253601,0.7049607634544373,0.4151575267314911,0.6949422359466553,9.999999747378752e-05
