loss,accuracy,recall,precision,miou,f1_score
0.13378356397151947,0.9420960545539856,0.8006572127342224,0.7247727513313293,0.42399588227272034,0.9409087300300598
