loss,accuracy,recall,precision,miou,f1_score
0.16119123995304108,0.8533486127853394,0.7963525056838989,0.7382796406745911,0.41775837540626526,0.8531948328018188
