loss,accuracy,recall,precision,miou,f1_score
0.12216659635305405,0.9346250295639038,0.7891688346862793,0.7185895442962646,0.41837069392204285,0.9332600831985474
