loss,accuracy,recall,precision,miou,f1_score
0.09822788089513779,0.9387327432632446,0.8099855780601501,0.7462006211280823,0.41601598262786865,0.9381950497627258
