loss,accuracy,recall,precision,miou,f1_score
0.1910008192062378,0.920293927192688,0.8016066551208496,0.740591824054718,0.4175547957420349,0.9192594289779663
