loss,accuracy,recall,precision,miou,f1_score
2.7636303901672363,0.1345089226961136,0.03022664785385132,0.10078489780426025,0.41060689091682434,0.05486878752708435
