loss,accuracy,recall,precision,miou,f1_score
0.13511034846305847,0.9302610158920288,0.8030340075492859,0.7268074154853821,0.4197109341621399,0.9297664761543274
