loss,accuracy,recall,precision,miou,f1_score
0.10921310633420944,0.8710921406745911,0.8060819506645203,0.7384910583496094,0.4264293611049652,0.871411919593811
