loss,accuracy,recall,precision,miou,f1_score
0.12529386579990387,0.8479992747306824,0.7861905694007874,0.7273492813110352,0.4695616364479065,0.8525967597961426
