loss,accuracy,recall,precision,miou,f1_score
0.1156226173043251,0.8752092719078064,0.877344012260437,0.9014653563499451,0.5433950424194336,0.8751654624938965
