loss,accuracy,recall,precision,miou,f1_score
0.07252095639705658,0.9259398579597473,0.9056640267372131,0.9181692004203796,0.5871587991714478,0.9260366559028625
