loss,accuracy,recall,precision,miou,f1_score
0.07260861992835999,0.9215198755264282,0.9106172323226929,0.9235445857048035,0.5996605157852173,0.9216106534004211
