loss,accuracy,recall,precision,miou,f1_score
0.1803560107946396,0.912501335144043,0.8996244072914124,0.9155228734016418,0.577095091342926,0.912573516368866
