loss,accuracy,recall,precision,miou,f1_score
0.41795986890792847,0.8846259713172913,0.8743756413459778,0.8987588882446289,0.5365308523178101,0.884637176990509
