loss,accuracy,recall,precision,miou,f1_score
0.08662828058004379,0.9304956197738647,0.9078673720359802,0.921314537525177,0.5953147411346436,0.9306225776672363
