loss,accuracy,recall,precision,miou,f1_score
0.06767330318689346,0.9241371154785156,0.9114954471588135,0.9242541193962097,0.6028011441230774,0.9241481423377991
