loss,accuracy,recall,precision,miou,f1_score
0.14722691476345062,0.9282378554344177,0.884843111038208,0.910804271697998,0.5478464365005493,0.9283962249755859
