epoch,val_loss,val_accuracy,val_recall,val_precision,val_miou,val_f1_score,loss,accuracy,recall,precision,miou,f1_score,lr
1,1.306984782218933,0.6681707501411438,0.38027533888816833,0.7956596612930298,0.21784625947475433,0.0,0.9179090166091919,0.653562068939209,0.39060425758361816,0.7232230305671692,0.19362249970436096,0.6297223567962646,0.0010000000474974513
