loss,accuracy,recall,precision,miou,f1_score
0.09817333519458771,0.9142090678215027,0.9056589007377625,0.9182263016700745,0.5893896818161011,0.9146924018859863
