loss,accuracy,recall,precision,miou,f1_score
0.14406777918338776,0.8900745511054993,0.9018190503120422,0.9155706763267517,0.5615029335021973,0.8903127908706665
