loss,accuracy,recall,precision,miou,f1_score
0.7525243759155273,0.6537474393844604,0.8774642944335938,0.9022859334945679,0.5385503172874451,0.6537477970123291
