loss,accuracy,recall,precision,miou,f1_score
5.725939750671387,0.6681651473045349,0.8702617287635803,0.8805468678474426,0.5336477160453796,0.6681473851203918
