loss,accuracy,recall,precision,miou,f1_score
0.4891316890716553,0.9186036586761475,0.8767481446266174,0.9018676280975342,0.5357281565666199,0.9182116985321045
