loss,accuracy,recall,precision,miou,f1_score
0.08196090906858444,0.9180899262428284,0.9032909274101257,0.9167324304580688,0.5879266858100891,0.9181490540504456
