loss,accuracy,recall,precision,miou,f1_score
0.28457874059677124,0.8651055097579956,0.9026119112968445,0.9155339002609253,0.5819656848907471,0.8654904365539551
