loss,accuracy,recall,precision,miou,f1_score
1.5803680419921875,0.0,0.022352783009409904,0.43829792737960815,0.06038927659392357,0.0
