loss,accuracy,recall,precision,miou,f1_score
2.5407514572143555,0.8678682446479797,0.8784729242324829,0.9048391580581665,0.5476370453834534,0.8679983019828796
