loss,accuracy,recall,precision,miou,f1_score
0.09365250915288925,0.9176688194274902,0.876939058303833,0.9043370485305786,0.5414436459541321,0.9180194139480591
