loss,accuracy,recall,precision,miou,f1_score
1.3214080333709717,0.6537472605705261,0.11935815215110779,0.7801493406295776,0.1593334823846817,0.0
