loss,accuracy,recall,precision,miou,f1_score
0.10531654208898544,0.894168496131897,0.8862298130989075,0.9079176783561707,0.5571027398109436,0.894004762172699
