loss,accuracy,recall,precision,miou,f1_score
1.1920930376163597e-07,0.6537472605705261,0.0031437112484127283,0.7128318548202515,0.13068678975105286,1.6666709184646606
