loss,accuracy,recall,precision,miou,f1_score
0.18882451951503754,0.9263386130332947,0.8778978586196899,0.9063246250152588,0.5470125079154968,0.9267050623893738
