loss,accuracy,recall,precision,miou,f1_score
0.8311210870742798,0.8925310969352722,0.9002555012702942,0.9143902063369751,0.5800110697746277,0.8928574323654175
