loss,accuracy,recall,precision,miou,f1_score
0.16913476586341858,0.9175229668617249,0.8624768257141113,0.9118335843086243,0.5250347852706909,0.9177063703536987
