loss,accuracy,recall,precision,miou,f1_score
0.8406049609184265,0.8333112001419067,0.9055705070495605,0.9182842969894409,0.5915004014968872,0.8336046934127808
