loss,accuracy,recall,precision,miou,f1_score
1.707110047340393,0.6537477970123291,0.9004299640655518,0.9160619974136353,0.5850658416748047,0.6537478566169739
