loss,accuracy,recall,precision,miou,f1_score
4.4659743309021,0.8572927117347717,0.9067919850349426,0.9195680618286133,0.5892002582550049,0.8573036789894104
