loss,accuracy,recall,precision,miou,f1_score
3.1071994304656982,0.8589680194854736,0.8820040822029114,0.9066367149353027,0.5553807616233826,0.8590528964996338
