loss,accuracy,recall,precision,miou,f1_score
1.2478809356689453,0.6537472605705261,0.1024167463183403,0.7956564426422119,0.1602739691734314,0.0
