epoch,val_loss,val_accuracy,val_recall,val_precision,val_miou,val_f1_score,loss,accuracy,recall,precision,miou,f1_score,lr
1,1.8317419290542603,0.6586000919342041,0.6197291016578674,0.8017236590385437,0.265983909368515,0.6585999131202698,0.7569462619858347,0.7138558626174927,0.4072900116443634,0.7432816028594971,0.20045478641986847,0.6772751808166504,9.999999747378752e-05
2,0.9849205613136292,0.6586000919342041,0.7046876549720764,0.8091098666191101,0.31673023104667664,0.6585999131202698,0.4244152685952565,0.8379494547843933,0.672892689704895,0.8042148947715759,0.2961266338825226,0.8374442458152771,9.999999747378752e-05
3,0.9139565229415894,0.6586000919342041,0.7378137111663818,0.8155988454818726,0.34467682242393494,0.6585999131202698,0.3648902360117916,0.8586502075195312,0.7233312129974365,0.8122223019599915,0.3328201472759247,0.8582810163497925,9.999999747378752e-05
4,0.8067502379417419,0.6586000919342041,0.7570858001708984,0.8205795884132385,0.36372649669647217,0.6585999131202698,0.33105487264556327,0.8707387447357178,0.7484845519065857,0.8182629942893982,0.355234295129776,0.8708966374397278,9.999999747378752e-05
