epoch,val_loss,val_accuracy,val_recall,val_precision,val_miou,val_f1_score,loss,accuracy,recall,precision,miou,f1_score,lr
1,1.4125696420669556,0.6681707501411438,0.4431791603565216,0.7801473736763,0.21693933010101318,0.0,0.8446965724229812,0.7114611864089966,0.5494246482849121,0.7557621598243713,0.21773652732372284,0.6981716156005859,0.0010000000474974513
