loss,accuracy,recall,precision,miou,f1_score
0.09976713359355927,0.8713445067405701,0.9068937301635742,0.9214834570884705,0.5912853479385376,0.8726906776428223
