loss,accuracy,recall,precision,miou,f1_score
0.09822580963373184,0.8925188183784485,0.9050309062004089,0.9177078008651733,0.5871016979217529,0.8928099870681763
