loss,accuracy,recall,precision,miou,f1_score
0.2234383225440979,0.9148200750350952,0.8806388974189758,0.9057707190513611,0.5483284592628479,0.9144605994224548
