loss,accuracy,recall,precision,miou,f1_score
0.09835231304168701,0.9105485081672668,0.9075521230697632,0.922578752040863,0.5929341912269592,0.9106420874595642
