epoch,val_loss,val_accuracy,val_recall,val_precision,val_miou,val_f1_score,loss,accuracy,recall,precision,miou,f1_score,lr
1,1.856520652770996,0.6586000919342041,0.6186004281044006,0.7988918423652649,0.2650810182094574,0.6585999131202698,0.733382984613761,0.7151286005973816,0.4014548659324646,0.734004020690918,0.21244551241397858,0.6722202897071838,9.999999747378752e-05
2,2.1258809566497803,0.6586000919342041,0.7044528126716614,0.8080139756202698,0.31227371096611023,0.6585999131202698,0.41654540738488877,0.8382947444915771,0.6709556579589844,0.8014053702354431,0.2900470495223999,0.8378155827522278,9.999999747378752e-05
3,2.060500383377075,0.6586000919342041,0.7388095259666443,0.815651535987854,0.3418861925601959,0.6585999131202698,0.35631545530279624,0.8622885346412659,0.7237759828567505,0.811835765838623,0.32797712087631226,0.8617494106292725,9.999999747378752e-05
