loss,accuracy,recall,precision,miou,f1_score
0.0668015405535698,0.924194872379303,0.9088819622993469,0.9227389693260193,0.5990960001945496,0.9242455959320068
