loss,accuracy,recall,precision,miou,f1_score
0.3699560761451721,0.902407169342041,0.9055581092834473,0.9178274869918823,0.59171462059021,0.9028240442276001
