loss,accuracy,recall,precision,miou,f1_score
0.16145119071006775,0.8565647602081299,0.9004613757133484,0.9152840971946716,0.5828486680984497,0.8566033244132996
