loss,accuracy,recall,precision,miou,f1_score
2.2937653064727783,0.9090952277183533,0.8833996057510376,0.9111374020576477,0.5537319779396057,0.9088602662086487
