loss,accuracy,recall,precision,miou,f1_score
1.1152541637420654,0.6537473201751709,0.7323976159095764,0.8076551556587219,0.33643752336502075,0.6537476181983948
