loss,accuracy,recall,precision,miou,f1_score
0.07541601359844208,0.9092473983764648,0.9189705848693848,0.9348868131637573,0.6189447641372681,0.9093285202980042
