loss,accuracy,recall,precision,miou,f1_score
1.881168246269226,0.7399642467498779,0.8788071870803833,0.905499279499054,0.55573570728302,0.7409188151359558
