loss,accuracy,recall,precision,miou,f1_score
0.08794445544481277,0.8858058452606201,0.8813809156417847,0.9100516438484192,0.5589210987091064,0.8861952424049377
