loss,accuracy,recall,precision,miou,f1_score
0.09395228326320648,0.8970678448677063,0.9011218547821045,0.916777491569519,0.5848702192306519,0.8973391652107239
