loss,accuracy,recall,precision,miou,f1_score
0.09399071335792542,0.8871896266937256,0.9042167067527771,0.9175617694854736,0.588825523853302,0.887518584728241
