epoch,val_loss,val_accuracy,val_recall,val_precision,val_miou,val_f1_score,loss,accuracy,recall,precision,miou,f1_score,lr
1,1.624340295791626,0.0,0.019948530942201614,0.25982534885406494,0.07550284266471863,0.0,1.7108871301015218,0.23992247879505157,0.01872958615422249,0.20102302730083466,0.07554008811712265,0.042174141854047775,9.999999747378752e-05
2,1.5804733037948608,0.0,0.038698673248291016,0.4382992386817932,0.09188424050807953,0.0,1.4713256080945334,0.40171968936920166,0.02819427289068699,0.34860649704933167,0.08379116654396057,0.12876898050308228,9.999999747378752e-05
