loss,accuracy,recall,precision,miou,f1_score
0.0924936905503273,0.925045907497406,0.8837286233901978,0.90752112865448,0.5559236407279968,0.9250074625015259
