loss,accuracy,recall,precision,miou,f1_score
1.2046278715133667,0.6537472605705261,0.10737424343824387,0.7556764483451843,0.15591920912265778,0.0
