loss,accuracy,recall,precision,miou,f1_score
1.2589384317398071,0.6537473201751709,0.7530194520950317,0.8133528828620911,0.3555964529514313,0.6537476181983948
