loss,accuracy,recall,precision,miou,f1_score
0.07691970467567444,0.9254382848739624,0.9076124429702759,0.9216898083686829,0.5935017466545105,0.9255118370056152
