epoch,val_loss,val_accuracy,val_recall,val_precision,val_miou,val_f1_score,loss,accuracy,recall,precision,miou,f1_score,lr
1,1.973397970199585,0.6586000919342041,0.613418459892273,0.7985171675682068,0.2645215392112732,0.6585999131202698,0.7644373769070203,0.7046191096305847,0.37923669815063477,0.709343671798706,0.20078614354133606,0.6622312664985657,9.999999747378752e-05
2,1.700911283493042,0.6586000919342041,0.7053610682487488,0.8096377849578857,0.3208841383457184,0.6585999131202698,0.3971383348380253,0.8444018959999084,0.6707665324211121,0.8032827377319336,0.29735758900642395,0.8439050316810608,9.999999747378752e-05
3,0.8260635137557983,0.6586000919342041,0.740532636642456,0.8171960711479187,0.350516676902771,0.6585999131202698,0.34533752045242777,0.8650135397911072,0.7255088686943054,0.8135525584220886,0.33734259009361267,0.864719033241272,9.999999747378752e-05
