loss,accuracy,recall,precision,miou,f1_score
0.11001475900411606,0.7477532029151917,0.9068311452865601,0.9206928610801697,0.5954060554504395,0.7490557432174683
