loss,accuracy,recall,precision,miou,f1_score
0.11925262212753296,0.8968124985694885,0.9030988216400146,0.9163259267807007,0.5852222442626953,0.8971081972122192
