loss,accuracy,recall,precision,miou,f1_score
0.05963325873017311,0.9253376126289368,0.9040867686271667,0.9188430905342102,0.5897175073623657,0.9253079295158386
