loss,accuracy,recall,precision,miou,f1_score
0.07033798843622208,0.9230212569236755,0.9077151417732239,0.9215243458747864,0.5906674861907959,0.9231773018836975
