loss,accuracy,recall,precision,miou,f1_score
0.08881275355815887,0.8871271014213562,0.9029542207717896,0.916812002658844,0.5850194096565247,0.8875136971473694
