loss,accuracy,recall,precision,miou,f1_score
0.06459973007440567,0.9256474375724792,0.9080343842506409,0.9203431606292725,0.5969358682632446,0.9258306622505188
