epoch,val_loss,val_accuracy,val_recall,val_precision,val_miou,val_f1_score,loss,accuracy,recall,precision,miou,f1_score,lr
1,1.7883899211883545,0.6586000919342041,0.6111899614334106,0.8063443303108215,0.2668478488922119,0.6585999131202698,0.7409209548626482,0.7164620161056519,0.38415393233299255,0.7559398412704468,0.20607870817184448,0.6673964262008667,9.999999747378752e-05
2,1.701968789100647,0.6586000919342041,0.7019652724266052,0.811744213104248,0.3216151297092438,0.6585999131202698,0.40826553635763163,0.8404730558395386,0.6668530702590942,0.806206226348877,0.2969804108142853,0.8397786617279053,9.999999747378752e-05
3,1.095716953277588,0.6586000919342041,0.7379000186920166,0.8186314105987549,0.3518528342247009,0.6585999131202698,0.3491569438696781,0.8644928336143494,0.7222287654876709,0.8149538636207581,0.3384664058685303,0.8640940189361572,9.999999747378752e-05
4,1.420925498008728,0.6586000919342041,0.7587965726852417,0.8240272998809814,0.3723667860031128,0.6585999131202698,0.31785622232744837,0.8778714537620544,0.7491579651832581,0.8212907314300537,0.3625229299068451,0.8778943419456482,9.999999747378752e-05
