loss,accuracy,recall,precision,miou,f1_score
0.07180165499448776,0.8918024301528931,0.8885104060173035,0.9094645977020264,0.564885139465332,0.8916580677032471
