loss,accuracy,recall,precision,miou,f1_score
0.47477707266807556,0.8237993121147156,0.8761743903160095,0.9008325934410095,0.5359922051429749,0.825843095779419
