loss,accuracy,recall,precision,miou,f1_score
0.16959431767463684,0.9206969738006592,0.9031884670257568,0.916461706161499,0.5854315757751465,0.920660138130188
