loss,accuracy,recall,precision,miou,f1_score
0.17395591735839844,0.9098706841468811,0.8744927048683167,0.9009309411048889,0.5325770378112793,0.9099689722061157
