loss,accuracy,recall,precision,miou,f1_score
0.08298696577548981,0.9134379029273987,0.9068418741226196,0.9218816757202148,0.5957669615745544,0.9135854840278625
