loss,accuracy,recall,precision,miou,f1_score
<<<<<<< HEAD
1.1920930376163597e-07,0.6537472605705261,0.0031437112484127283,0.7128318548202515,0.13068678975105286,1.6666709184646606
=======
0.08794445544481277,0.8858058452606201,0.8813809156417847,0.9100516438484192,0.5589210987091064,0.8861952424049377
>>>>>>> 50a880dc09d9ecccd61b554ea15d6b5c385762e9
