loss,accuracy,recall,precision,miou,f1_score
0.09034184366464615,0.8886690735816956,0.9034036993980408,0.9182482361793518,0.5885933637619019,0.8884772062301636
