loss,accuracy,recall,precision,miou,f1_score
0.12826275825500488,0.9040044546127319,0.8999608159065247,0.9151922464370728,0.5806719064712524,0.9040154814720154
