loss,accuracy,recall,precision,miou,f1_score
1.014223575592041,0.8985618352890015,0.9092606902122498,0.9235974550247192,0.598993718624115,0.8986401557922363
