loss,accuracy,recall,precision,miou,f1_score
0.11332982033491135,0.9172206521034241,0.901695966720581,0.9154285788536072,0.5818562507629395,0.9179502129554749
