loss,accuracy,recall,precision,miou,f1_score
0.8064039349555969,0.6537471413612366,0.8732731938362122,0.9068329930305481,0.5492838025093079,0.6537470817565918
