loss,accuracy,recall,precision,miou,f1_score
0.24412672221660614,0.9046829342842102,0.8741229772567749,0.8981431722640991,0.5203741788864136,0.9048784971237183
