loss,accuracy,recall,precision,miou,f1_score
0.9022043943405151,0.9228401184082031,0.9139226078987122,0.9354921579360962,0.6021811366081238,0.9230220317840576
