loss,accuracy,recall,precision,miou,f1_score
1.4311563968658447,0.6537473201751709,0.7546591758728027,0.8166330456733704,0.3638303279876709,0.6537476181983948
