loss,accuracy,recall,precision,miou,f1_score
1.2368648052215576,0.6537473201751709,0.7360349297523499,0.8076362013816833,0.34055906534194946,0.6537476181983948
