epoch,val_loss,val_accuracy,val_recall,val_precision,val_miou,val_f1_score,loss,accuracy,recall,precision,miou,f1_score,lr
1,1.550357699394226,0.6586000919342041,0.6115853786468506,0.8063232898712158,0.2660374641418457,0.6585999131202698,0.7464940055786327,0.7188825607299805,0.39287039637565613,0.778856635093689,0.210561603307724,0.6693413853645325,9.999999747378752e-05
2,1.2487854957580566,0.6586000919342041,0.7015610337257385,0.811058521270752,0.31740492582321167,0.6585999131202698,0.40986357640215765,0.8384511470794678,0.6680859923362732,0.8069661259651184,0.2948218286037445,0.8383352160453796,9.999999747378752e-05
3,0.8379414081573486,0.6586000919342041,0.7366845011711121,0.817267656326294,0.34630775451660156,0.6585999131202698,0.35410272854952296,0.8611494898796082,0.7214860916137695,0.8142012357711792,0.3330918252468109,0.8607279062271118,9.999999747378752e-05
