loss,accuracy,recall,precision,miou,f1_score
0.14339619874954224,0.8965515494346619,0.8860486745834351,0.9086902737617493,0.5544401407241821,0.8965091705322266
