loss,accuracy,recall,precision,miou,f1_score
1.1920930376163597e-07,0.6537472605705261,0.5218298435211182,0.8825096487998962,0.36753249168395996,1.6666709184646606
