loss,accuracy,recall,precision,miou,f1_score
0.09579333662986755,0.9071590304374695,0.9028967618942261,0.9173887372016907,0.5884488224983215,0.9071387052536011
