loss,accuracy,recall,precision,miou,f1_score
0.08527349680662155,0.9076051712036133,0.9021878242492676,0.9170008897781372,0.5854864120483398,0.9076827764511108
