loss,accuracy,recall,precision,miou,f1_score
0.09014463424682617,0.9224457740783691,0.9027097821235657,0.9165276288986206,0.5831083655357361,0.9225881695747375
