loss,accuracy,recall,precision,miou,f1_score
0.1171460896730423,0.880612850189209,0.8819348216056824,0.9058629870414734,0.5557698607444763,0.8808211088180542
