epoch,val_loss,val_accuracy,val_recall,val_precision,val_miou,val_f1_score,loss,accuracy,recall,precision,miou,f1_score,lr
1,1.2924199104309082,0.6681707501411438,0.39868247509002686,0.7556778788566589,0.2061866819858551,0.0,0.9310583531856537,0.6610721349716187,0.4596008360385895,0.7048478722572327,0.19508963823318481,0.6443239450454712,0.0010000000474974513
