loss,accuracy,recall,precision,miou,f1_score
0.07389407604932785,0.9226095676422119,0.904990553855896,0.9175742268562317,0.5891151428222656,0.9223957657814026
