loss,accuracy,recall,precision,miou,f1_score
0.3440881073474884,0.8960044980049133,0.9105604887008667,0.9236957430839539,0.5989786982536316,0.8963353037834167
