loss,accuracy,recall,precision,miou,f1_score
0.08505852520465851,0.8663904070854187,0.9087696075439453,0.9228523969650269,0.5959363579750061,0.866537868976593
