loss,accuracy,recall,precision,miou,f1_score
0.08585462719202042,0.8881123065948486,0.9030753970146179,0.9192601442337036,0.5901637673377991,0.8883295059204102
