loss,accuracy,recall,precision,miou,f1_score
0.08178847283124924,0.9245132803916931,0.9101143479347229,0.923857569694519,0.6002747416496277,0.9246135950088501
