loss,accuracy,recall,precision,miou,f1_score
0.09716508537530899,0.9155860543251038,0.9092060923576355,0.9230362772941589,0.5963798761367798,0.915781557559967
