loss,accuracy,recall,precision,miou,f1_score
0.22975780069828033,0.9285934567451477,0.9088184833526611,0.9221888184547424,0.5971655249595642,0.928655207157135
