loss,accuracy,recall,precision,miou,f1_score
0.13036805391311646,0.8878793120384216,0.9009389877319336,0.9142412543296814,0.5732279419898987,0.8881972432136536
