loss,accuracy,recall,precision,miou,f1_score
0.15561562776565552,0.9136070013046265,0.8781536221504211,0.9034395217895508,0.5480778217315674,0.9138467311859131
