loss,accuracy,recall,precision,miou,f1_score
0.24401403963565826,0.8631045818328857,0.8770092725753784,0.9035681486129761,0.5558667182922363,0.8631823062896729
