loss,accuracy,recall,precision,miou,f1_score
0.11095558106899261,0.8662672638893127,0.8935145139694214,0.9073668122291565,0.5504305958747864,0.8664997816085815
