epoch,val_loss,val_accuracy,val_recall,val_precision,val_miou,val_f1_score,loss,accuracy,recall,precision,miou,f1_score,lr
1,1.3613758087158203,0.668428897857666,0.43183955550193787,0.7754112482070923,0.2103586047887802,0.0,0.8634465438127518,0.7063982486724854,0.5082384347915649,0.7355987429618835,0.20576101541519165,0.6850748658180237,0.0010000000474974513
