epoch,val_loss,val_accuracy,val_recall,val_precision,val_miou,val_f1_score,loss,accuracy,recall,precision,miou,f1_score,lr
1,1.5355103015899658,0.6645768284797668,0.016111882403492928,0.1832336187362671,0.10780197381973267,0.0,1.6707533915837607,0.22831599414348602,0.02174275740981102,0.18594883382320404,0.08948482573032379,0.033903636038303375,9.999999747378752e-05
2,1.4878242015838623,0.6541811227798462,0.02349199540913105,0.2999696433544159,0.1291341334581375,0.0,1.4523061951001486,0.3597416579723358,0.018710914999246597,0.2353392243385315,0.12095200270414352,0.07264681160449982,9.999999747378752e-05
