epoch,val_loss,val_accuracy,val_recall,val_precision,val_miou,val_f1_score,loss,accuracy,recall,precision,miou,f1_score,lr
1,1.3337583541870117,0.668428897857666,0.4342609643936157,0.7818756699562073,0.2168915718793869,0.0,0.9199407172203063,0.7106570601463318,0.5096285343170166,0.7125129103660583,0.2165033370256424,0.6879701018333435,0.0010000000474974513
