loss,accuracy,recall,precision,miou,f1_score
0.08258785307407379,0.8722438812255859,0.8907940983772278,0.904528021812439,0.5511713027954102,0.8721146583557129
