epoch,val_loss,val_accuracy,val_recall,val_precision,val_miou,val_f1_score,loss,accuracy,recall,precision,miou,f1_score,lr
1,1.3119897842407227,0.668428897857666,0.4110995829105377,0.7783420085906982,0.20284415781497955,0.0,0.8067856305837631,0.6815311312675476,0.44691386818885803,0.6851229071617126,0.18520675599575043,0.6649082899093628,0.0010000000474974513
