loss,accuracy,recall,precision,miou,f1_score
0.07777872681617737,0.8867608308792114,0.9085341691970825,0.9222685098648071,0.5947572588920593,0.8869580030441284
