loss,accuracy,recall,precision,miou,f1_score
0.08058592677116394,0.8681817054748535,0.9074530005455017,0.9216335415840149,0.5956107378005981,0.8680778741836548
