loss,accuracy,recall,precision,miou,f1_score
0.06256645172834396,0.8733333349227905,0.8975459337234497,0.9114496111869812,0.5656824707984924,0.8735331892967224
