loss,accuracy,recall,precision,miou,f1_score
0.08458975702524185,0.879535973072052,0.9075847268104553,0.9204800724983215,0.5939033031463623,0.8796839714050293
