loss,accuracy,recall,precision,miou,f1_score
1.1920930376163597e-07,0.6537473201751709,0.7267496585845947,0.9085975885391235,0.491044819355011,1.6666709184646606
