loss,accuracy,recall,precision,miou,f1_score
0.07724109292030334,0.9042276740074158,0.9182445406913757,0.933933675289154,0.6161888241767883,0.904270350933075
