loss,accuracy,recall,precision,miou,f1_score
0.07495409995317459,0.9310515522956848,0.9150599241256714,0.9363960027694702,0.6064605116844177,0.9311546683311462
