loss,accuracy,recall,precision,miou,f1_score
0.11873894929885864,0.9239988923072815,0.89691561460495,0.9230908751487732,0.5713857412338257,0.9241206049919128
