loss,accuracy,recall,precision,miou,f1_score
0.09254076331853867,0.8717201352119446,0.8960633873939514,0.9230153560638428,0.5824920535087585,0.8719221353530884
