loss,accuracy,recall,precision,miou,f1_score
1.3451887369155884,0.8815959095954895,0.897918164730072,0.9247393012046814,0.5849388241767883,0.8820480108261108
