loss,accuracy,recall,precision,miou,f1_score
0.10846385359764099,0.936227560043335,0.9151332378387451,0.935300350189209,0.6054505705833435,0.9363990426063538
