loss,accuracy,recall,precision,miou,f1_score
0.05403164401650429,0.9257484674453735,0.9158161282539368,0.9358402490615845,0.6067221760749817,0.9259503483772278
