loss,accuracy,recall,precision,miou,f1_score
<<<<<<< HEAD
1.0539089441299438,0.8942499160766602,0.9003024101257324,0.927123486995697,0.5891743898391724,0.8946844339370728
=======
0.09254076331853867,0.8717201352119446,0.8960633873939514,0.9230153560638428,0.5824920535087585,0.8719221353530884
>>>>>>> 50a880dc09d9ecccd61b554ea15d6b5c385762e9
