loss,accuracy,recall,precision,miou,f1_score
<<<<<<< HEAD
0.07716203480958939,0.9184937477111816,0.902729868888855,0.9166437983512878,0.5848835706710815,0.9183329939842224
=======
1.1920930376163597e-07,0.6537473201751709,0.7267496585845947,0.9085975885391235,0.491044819355011,1.6666709184646606
>>>>>>> 50a880dc09d9ecccd61b554ea15d6b5c385762e9
