loss,accuracy,recall,precision,miou,f1_score
0.12224770337343216,0.9079680442810059,0.9209566116333008,0.9346276521682739,0.62054842710495,0.9080430269241333
