loss,accuracy,recall,precision,miou,f1_score
0.08609197288751602,0.8750282526016235,0.8854808807373047,0.9084585905075073,0.5570341348648071,0.8754497766494751
