loss,accuracy,recall,precision,miou,f1_score
0.07798546552658081,0.9249365925788879,0.9050062298774719,0.9178003072738647,0.5893782377243042,0.9250428080558777
