loss,accuracy,recall,precision,miou,f1_score
0.07318758219480515,0.9078266024589539,0.8978002071380615,0.9233793020248413,0.5862516164779663,0.9082284569740295
