loss,accuracy,recall,precision,miou,f1_score
0.09031521528959274,0.9136623740196228,0.8835320472717285,0.9087698459625244,0.5556623339653015,0.9137345552444458
