loss,accuracy,recall,precision,miou,f1_score
0.27110493183135986,0.9282801747322083,0.8960939645767212,0.9212197661399841,0.5673732757568359,0.9284443855285645
