loss,accuracy,recall,precision,miou,f1_score
0.07716203480958939,0.9184937477111816,0.902729868888855,0.9166437983512878,0.5848835706710815,0.9183329939842224
