loss,accuracy,recall,precision,miou,f1_score
0.06684920936822891,0.9260657429695129,0.9035896062850952,0.9258381128311157,0.5833572745323181,0.9261685609817505
