loss,accuracy,recall,precision,miou,f1_score
3.898469924926758,0.8669742941856384,0.8812112212181091,0.9085614681243896,0.5521964430809021,0.8673170208930969
