loss,accuracy,recall,precision,miou,f1_score
0.0961417555809021,0.875243067741394,0.9028165340423584,0.9167854189872742,0.5863016247749329,0.8756203651428223
