loss,accuracy,recall,precision,miou,f1_score
0.150599867105484,0.9157138466835022,0.9020434617996216,0.9166774749755859,0.5812714099884033,0.9157366752624512
