loss,accuracy,recall,precision,miou,f1_score
0.08314494788646698,0.8842376470565796,0.9020808935165405,0.9177990555763245,0.5833957195281982,0.8846754431724548
