loss,accuracy,recall,precision,miou,f1_score
0.08606515824794769,0.930724561214447,0.8989435434341431,0.925414502620697,0.5742313265800476,0.9309343099594116
