loss,accuracy,recall,precision,miou,f1_score
0.05673826113343239,0.9374836087226868,0.9155341982841492,0.9364535808563232,0.6075026988983154,0.937628984451294
