loss,accuracy,recall,precision,miou,f1_score
0.07018458843231201,0.9292832612991333,0.8808082938194275,0.909980833530426,0.5442782044410706,0.929414689540863
