loss,accuracy,recall,precision,miou,f1_score
0.057889409363269806,0.9144869446754456,0.9151902198791504,0.9364494681358337,0.6060145497322083,0.9146077632904053
