loss,accuracy,recall,precision,miou,f1_score
0.07040208578109741,0.8763550519943237,0.8835638165473938,0.91031813621521,0.5568114519119263,0.8763278126716614
