loss,accuracy,recall,precision,miou,f1_score
0.06516550481319427,0.9287473559379578,0.8937427997589111,0.9197343587875366,0.5644071102142334,0.9289665222167969
