loss,accuracy,recall,precision,miou,f1_score
0.3500393331050873,0.9032579064369202,0.8776039481163025,0.9013466835021973,0.5474380850791931,0.9033621549606323
