loss,accuracy,recall,precision,miou,f1_score
0.1066913977265358,0.9357725381851196,0.8886470794677734,0.9132828712463379,0.5553023219108582,0.9358342885971069
