loss,accuracy,recall,precision,miou,f1_score
0.23029011487960815,0.9278808236122131,0.8865011930465698,0.9141833782196045,0.5525484085083008,0.927958607673645
