loss,accuracy,recall,precision,miou,f1_score
0.07683620601892471,0.8576040267944336,0.897790253162384,0.923372745513916,0.5856069326400757,0.8577002286911011
