loss,accuracy,recall,precision,miou,f1_score
0.07682972401380539,0.8665416836738586,0.8950280547142029,0.9247388243675232,0.5837273001670837,0.8667121529579163
