loss,accuracy,recall,precision,miou,f1_score
0.10699953138828278,0.9357905387878418,0.8912676572799683,0.9158446788787842,0.5605941414833069,0.9357371926307678
