loss,accuracy,recall,precision,miou,f1_score
0.08743046969175339,0.9248157739639282,0.9155504703521729,0.930788516998291,0.6083620190620422,0.9248867630958557
