loss,accuracy,recall,precision,miou,f1_score
0.13041254878044128,0.9046013951301575,0.87482088804245,0.9029310941696167,0.5435267686843872,0.9044746160507202
