loss,accuracy,recall,precision,miou,f1_score
0.08188676834106445,0.8893361687660217,0.9200738072395325,0.9358774423599243,0.6172483563423157,0.8894787430763245
