loss,accuracy,recall,precision,miou,f1_score
0.09061447530984879,0.9246538281440735,0.9027696847915649,0.9250894784927368,0.5822900533676147,0.9247599244117737
