loss,accuracy,recall,precision,miou,f1_score
0.07156524062156677,0.9187535047531128,0.906232476234436,0.9187222123146057,0.591699481010437,0.918703019618988
