loss,accuracy,recall,precision,miou,f1_score
0.258402019739151,0.9257590770721436,0.8985522985458374,0.923396646976471,0.5755863189697266,0.9258528351783752
