loss,accuracy,recall,precision,miou,f1_score
0.09321887791156769,0.9134995341300964,0.8768171072006226,0.9012531638145447,0.537342369556427,0.9135945439338684
