loss,accuracy,recall,precision,miou,f1_score
1.5330448150634766,0.9042960405349731,0.8825703263282776,0.9051796793937683,0.5500322580337524,0.9047585725784302
