loss,accuracy,recall,precision,miou,f1_score
0.0616513192653656,0.9296082258224487,0.8873351216316223,0.9128149747848511,0.5552933812141418,0.9297406673431396
