loss,accuracy,recall,precision,miou,f1_score
0.05786218121647835,0.920073926448822,0.8920038938522339,0.918428897857666,0.5615691542625427,0.9202287197113037
