loss,accuracy,recall,precision,miou,f1_score
0.08552277088165283,0.9088606238365173,0.8860450387001038,0.9104290008544922,0.5609039664268494,0.9088925719261169
