loss,accuracy,recall,precision,miou,f1_score
0.05683830752968788,0.9312321543693542,0.8933261036872864,0.920004665851593,0.5665973424911499,0.9313744306564331
