loss,accuracy,recall,precision,miou,f1_score
0.3453143239021301,0.9042744040489197,0.8789476752281189,0.9032883644104004,0.5341002941131592,0.9042695164680481
