loss,accuracy,recall,precision,miou,f1_score
0.145389124751091,0.9184411764144897,0.897365391254425,0.9224129319190979,0.5714836120605469,0.9181094765663147
