loss,accuracy,recall,precision,miou,f1_score
0.1404966115951538,0.9071727991104126,0.896253228187561,0.9234392642974854,0.5868493318557739,0.9072384238243103
