loss,accuracy,recall,precision,miou,f1_score
0.22270938754081726,0.9383066296577454,0.9322399497032166,0.9449721574783325,0.3750000596046448,0.9383047819137573
