loss,accuracy,recall,precision,miou,f1_score
0.20932045578956604,0.9409689903259277,0.9331912994384766,0.9479060173034668,0.375,0.9400198459625244
