loss,accuracy,recall,precision,miou,f1_score
0.6167750358581543,0.8321449756622314,0.8289493322372437,0.8354048728942871,0.375,0.8321167230606079
