loss,accuracy,recall,precision,miou,f1_score
0.1845141053199768,0.8742213845252991,0.7983580827713013,0.7412440180778503,0.41504308581352234,0.8736602067947388
