loss,accuracy,recall,precision,miou,f1_score
0.14052855968475342,0.8637349605560303,0.8095005750656128,0.737135648727417,0.42366766929626465,0.8641122579574585
