loss,accuracy,recall,precision,miou,f1_score
0.11409594863653183,0.9223150610923767,0.8032390475273132,0.7423765659332275,0.4157925844192505,0.922031819820404
