loss,accuracy,recall,precision,miou,f1_score
0.2046017199754715,0.9353912472724915,0.9122090339660645,0.9343758225440979,0.603660523891449,0.9355179071426392
