loss,accuracy,recall,precision,miou,f1_score
0.14532354474067688,0.9306623339653015,0.8971043825149536,0.923664391040802,0.5731063485145569,0.9307645559310913
