loss,accuracy,recall,precision,miou,f1_score
0.24667227268218994,0.8978050351142883,0.9112549424171448,0.9350388050079346,0.6018982529640198,0.8979068398475647
