loss,accuracy,recall,precision,miou,f1_score
2.5582597255706787,0.9224766492843628,0.9144271016120911,0.935482382774353,0.6067902445793152,0.9227052330970764
