loss,accuracy,recall,precision,miou,f1_score
0.10232961177825928,0.9130806922912598,0.9121770858764648,0.9333813190460205,0.5997076034545898,0.9132048487663269
