loss,accuracy,recall,precision,miou,f1_score
0.08700448274612427,0.9156692028045654,0.914122998714447,0.9386001825332642,0.6091899275779724,0.9158363342285156
