loss,accuracy,recall,precision,miou,f1_score
0.07154274731874466,0.9307128190994263,0.9160460233688354,0.9384550452232361,0.6061983704566956,0.9308473467826843
