loss,accuracy,recall,precision,miou,f1_score
0.08710934221744537,0.8947729468345642,0.874016523361206,0.9018353223800659,0.5442075729370117,0.895587682723999
