loss,accuracy,recall,precision,miou,f1_score
0.22750547528266907,0.9223775267601013,0.9124652147293091,0.9338573217391968,0.5996662378311157,0.9225148558616638
