loss,accuracy,recall,precision,miou,f1_score
0.06792478263378143,0.9231364130973816,0.9120762348175049,0.9320733547210693,0.5975649952888489,0.9233387112617493
