loss,accuracy,recall,precision,miou,f1_score
0.07640539854764938,0.926686704158783,0.8956038355827332,0.9209991693496704,0.5687772631645203,0.9267799854278564
