loss,accuracy,recall,precision,miou,f1_score
0.0748760923743248,0.9280756711959839,0.8970266580581665,0.9225791096687317,0.5729191303253174,0.9282194972038269
