loss,accuracy,recall,precision,miou,f1_score
0.04953775182366371,0.925756573677063,0.9145122766494751,0.9366885423660278,0.6048224568367004,0.9258585572242737
