loss,accuracy,recall,precision,miou,f1_score
2.077773332595825,0.9144366979598999,0.9132703542709351,0.934341549873352,0.6038111448287964,0.9145677089691162
