loss,accuracy,recall,precision,miou,f1_score
0.06463906913995743,0.937248945236206,0.8988162279129028,0.923514187335968,0.5748633146286011,0.9373510479927063
