loss,accuracy,recall,precision,miou,f1_score
0.09212818741798401,0.9136993288993835,0.8945795893669128,0.921977698802948,0.5672333836555481,0.9138742685317993
