loss,accuracy,recall,precision,miou,f1_score
0.09090624004602432,0.9287347197532654,0.8945310711860657,0.9192802309989929,0.5662980675697327,0.9288917183876038
