loss,accuracy,recall,precision,miou,f1_score
0.10250470787286758,0.9303526878356934,0.8966829180717468,0.9206076860427856,0.5692293643951416,0.9305855631828308
