loss,accuracy,recall,precision,miou,f1_score
0.06482629477977753,0.9290260076522827,0.8961427211761475,0.921440839767456,0.5687783360481262,0.9290628433227539
