loss,accuracy,recall,precision,miou,f1_score
0.10020987689495087,0.9155628681182861,0.8980021476745605,0.9214486479759216,0.5715175867080688,0.9156962633132935
