loss,accuracy,recall,precision,miou,f1_score
0.9677353501319885,0.93033766746521,0.8952682018280029,0.9193036556243896,0.5668702721595764,0.9304981827735901
