loss,accuracy,recall,precision,miou,f1_score
0.5201894640922546,0.9330770373344421,0.9147084951400757,0.9368535876274109,0.6067847013473511,0.9332402944564819
