loss,accuracy,recall,precision,miou,f1_score
0.5145876407623291,0.9184718728065491,0.899886965751648,0.9248346090316772,0.5790472030639648,0.9185584783554077
