loss,accuracy,recall,precision,miou,f1_score
0.06426158547401428,0.9278106093406677,0.8961645364761353,0.9221476316452026,0.5658454298973083,0.9278358817100525
