loss,accuracy,recall,precision,miou,f1_score
0.10695788264274597,0.9256672859191895,0.9139582514762878,0.9351786971092224,0.6042585968971252,0.9257579445838928
