loss,accuracy,recall,precision,miou,f1_score
0.05929766967892647,0.9260144829750061,0.915395200252533,0.9378025531768799,0.6101059913635254,0.926182746887207
