loss,accuracy,recall,precision,miou,f1_score
0.05332658812403679,0.928179144859314,0.9131304025650024,0.9353334307670593,0.6044361591339111,0.9283775091171265
