loss,accuracy,recall,precision,miou,f1_score
0.3030470907688141,0.8877235054969788,0.9131754040718079,0.9359558820724487,0.6036282777786255,0.887948751449585
