loss,accuracy,recall,precision,miou,f1_score
0.08224686980247498,0.9010993242263794,0.8980708122253418,0.9229447841644287,0.5702884793281555,0.9012383222579956
