loss,accuracy,recall,precision,miou,f1_score
0.05834478139877319,0.9242633581161499,0.9165604710578918,0.9376026391983032,0.6103289127349854,0.924431324005127
