loss,accuracy,recall,precision,miou,f1_score
0.18700315058231354,0.9174277782440186,0.8965427875518799,0.9223328828811646,0.5701185464859009,0.9176390171051025
