loss,accuracy,recall,precision,miou,f1_score
0.5677387714385986,0.9361022114753723,0.9020724296569824,0.9264254570007324,0.5777302384376526,0.9362355470657349
