loss,accuracy,recall,precision,miou,f1_score
0.06761783361434937,0.9080476760864258,0.8941763639450073,0.9195329546928406,0.5656757950782776,0.9081384539604187
