loss,accuracy,recall,precision,miou,f1_score
0.06688965857028961,0.9309126734733582,0.8987894058227539,0.9222509264945984,0.5739177465438843,0.9311267733573914
