loss,accuracy,recall,precision,miou,f1_score
0.1019795686006546,0.9209350943565369,0.9133657813072205,0.9361667037010193,0.6058371663093567,0.9211084246635437
