loss,accuracy,recall,precision,miou,f1_score
1.5987797975540161,0.9201117157936096,0.8935338854789734,0.9196847081184387,0.566757082939148,0.9203686714172363
