loss,accuracy,recall,precision,miou,f1_score
0.08358778059482574,0.9268174171447754,0.9423622488975525,0.9492220282554626,0.6612627506256104,0.9265470504760742
