loss,accuracy,recall,precision,miou,f1_score
1.1920930376163597e-07,0.6540274620056152,0.1098303273320198,0.9050219058990479,0.1884751319885254,1.6666709184646606
