loss,accuracy,recall,precision,miou,f1_score
0.07651053369045258,0.9030144810676575,0.9426290392875671,0.9492635726928711,0.6627528667449951,0.9031245708465576
