loss,accuracy,recall,precision,miou,f1_score
0.12014593183994293,0.937475323677063,0.9313695430755615,0.9411845803260803,0.4010823369026184,0.9373759627342224
