loss,accuracy,recall,precision,miou,f1_score
0.088106170296669,0.9397649168968201,0.9419955015182495,0.9486106634140015,0.6617109179496765,0.9399355053901672
