loss,accuracy,recall,precision,miou,f1_score
0.15725137293338776,0.9141762852668762,0.8957960605621338,0.9236010909080505,0.5869066715240479,0.9141448140144348
