loss,accuracy,recall,precision,miou,f1_score
0.10135294497013092,0.8568311929702759,0.9229934215545654,0.9356199502944946,0.6241673827171326,0.8568606972694397
