loss,accuracy,recall,precision,miou,f1_score
0.961272656917572,0.9305873513221741,0.8866577744483948,0.9128535389900208,0.5534769892692566,0.9308114051818848
