loss,accuracy,recall,precision,miou,f1_score
0.3066140115261078,0.8765138387680054,0.8934405446052551,0.9191820621490479,0.5799790024757385,0.8767561316490173
