loss,accuracy,recall,precision,miou,f1_score
0.17220497131347656,0.8961610794067383,0.8993388414382935,0.9260127544403076,0.5894182324409485,0.8960747122764587
