loss,accuracy,recall,precision,miou,f1_score
0.06081300973892212,0.9062569737434387,0.9199380278587341,0.9359078407287598,0.6207490563392639,0.9064203500747681
