loss,accuracy,recall,precision,miou,f1_score
1.3496423959732056,0.9099652171134949,0.8960654139518738,0.9218935370445251,0.5796140432357788,0.9098296165466309
