loss,accuracy,recall,precision,miou,f1_score
0.06871328502893448,0.9306846857070923,0.8891549110412598,0.9151015877723694,0.5576980113983154,0.9309009313583374
