loss,accuracy,recall,precision,miou,f1_score
0.14294013381004333,0.9174609184265137,0.921746551990509,0.9363564848899841,0.6246957182884216,0.9173406362533569
