loss,accuracy,recall,precision,miou,f1_score
0.11294775456190109,0.8913621306419373,0.8977749347686768,0.9228007793426514,0.5824496746063232,0.891373872756958
