loss,accuracy,recall,precision,miou,f1_score
1.4236184358596802,0.9161986112594604,0.9205778241157532,0.9364461898803711,0.6239919662475586,0.9160169363021851
