loss,accuracy,recall,precision,miou,f1_score
0.14172543585300446,0.9255937933921814,0.8845085501670837,0.9105472564697266,0.5476569533348083,0.9257640838623047
