loss,accuracy,recall,precision,miou,f1_score
0.1123967096209526,0.9053192734718323,0.8958437442779541,0.9238595962524414,0.584056556224823,0.9051572680473328
