loss,accuracy,recall,precision,miou,f1_score
0.0859493687748909,0.8842582702636719,0.92242032289505,0.9355166554450989,0.6226142048835754,0.8840581774711609
