loss,accuracy,recall,precision,miou,f1_score
0.06760036945343018,0.9170827269554138,0.9191185832023621,0.9347714185714722,0.6201903223991394,0.9170991778373718
