loss,accuracy,recall,precision,miou,f1_score
0.21629084646701813,0.92039555311203,0.9031867384910583,0.9252933859825134,0.5849311947822571,0.9205202460289001
