loss,accuracy,recall,precision,miou,f1_score
0.11071519553661346,0.8551080822944641,0.8946652412414551,0.9229325652122498,0.5828889012336731,0.8550298810005188
