loss,accuracy,recall,precision,miou,f1_score
0.6552686095237732,0.9279374480247498,0.8987587690353394,0.923606276512146,0.5770971179008484,0.9281313419342041
