loss,accuracy,recall,precision,miou,f1_score
1.0539089441299438,0.8942499160766602,0.9003024101257324,0.927123486995697,0.5891743898391724,0.8946844339370728
