loss,accuracy,recall,precision,miou,f1_score
0.09018678963184357,0.8653453588485718,0.896780788898468,0.9231661558151245,0.586034893989563,0.8656440377235413
