loss,accuracy,recall,precision,miou,f1_score
0.284557044506073,0.8849325180053711,0.8984723091125488,0.923384964466095,0.5871847867965698,0.8849013447761536
