loss,accuracy,recall,precision,miou,f1_score
0.9500361680984497,0.8630096912384033,0.9206843376159668,0.9366567134857178,0.6200045347213745,0.863251268863678
