loss,accuracy,recall,precision,miou,f1_score
0.5126336812973022,0.8947668671607971,0.894933819770813,0.922315776348114,0.5830841660499573,0.8945502638816833
