loss,accuracy,recall,precision,miou,f1_score
0.6432914137840271,0.9063186049461365,0.8986455798149109,0.9236651062965393,0.5861021876335144,0.9063765406608582
