loss,accuracy,recall,precision,miou,f1_score
0.11268403381109238,0.8979214429855347,0.8968887329101562,0.9231284856796265,0.5864642858505249,0.8979918956756592
