loss,accuracy,recall,precision,miou,f1_score
0.3315639793872833,0.9314485788345337,0.9002311825752258,0.9234381318092346,0.5791501998901367,0.9314309358596802
