loss,accuracy,recall,precision,miou,f1_score
0.055125683546066284,0.9183000922203064,0.916792631149292,0.9314923882484436,0.6124647855758667,0.9183719158172607
