loss,accuracy,recall,precision,miou,f1_score
0.2507937550544739,0.912837028503418,0.8973457217216492,0.9235302209854126,0.5741943717002869,0.9127113223075867
