loss,accuracy,recall,precision,miou,f1_score
0.12377706170082092,0.8299322128295898,0.8965953588485718,0.9228208661079407,0.5867663025856018,0.8290029168128967
