loss,accuracy,recall,precision,miou,f1_score
0.10174302756786346,0.9097042679786682,0.8973559737205505,0.9218891263008118,0.5772258639335632,0.9099322557449341
