loss,accuracy,recall,precision,miou,f1_score
0.178771510720253,0.8519341349601746,0.8836185336112976,0.9106878042221069,0.5499597191810608,0.8508471250534058
