loss,accuracy,recall,precision,miou,f1_score
0.15067416429519653,0.8878462314605713,0.9163221716880798,0.93168705701828,0.6118963360786438,0.8882578611373901
