loss,accuracy,recall,precision,miou,f1_score
0.07068312913179398,0.9237388968467712,0.9173563718795776,0.9338078498840332,0.6058499217033386,0.9238369464874268
