loss,accuracy,recall,precision,miou,f1_score
0.10160662233829498,0.9123553037643433,0.8952421545982361,0.923622190952301,0.5833297967910767,0.9124529957771301
