loss,accuracy,recall,precision,miou,f1_score
4.70127534866333,0.8784486651420593,0.9014332890510559,0.9248713850975037,0.5904344916343689,0.8785973191261292
