loss,accuracy,recall,precision,miou,f1_score
0.21939711272716522,0.8831496238708496,0.8995683789253235,0.9247068166732788,0.5886113047599792,0.8833966255187988
