loss,accuracy,recall,precision,miou,f1_score
0.1267094761133194,0.8943660259246826,0.9220991730690002,0.9358519911766052,0.6238437294960022,0.89415043592453
