loss,accuracy,recall,precision,miou,f1_score
0.09509220719337463,0.894423246383667,0.9210655093193054,0.9346044659614563,0.6207715272903442,0.8944969773292542
