loss,accuracy,recall,precision,miou,f1_score
0.78399658203125,0.9240009188652039,0.9210135340690613,0.9360455274581909,0.6247259974479675,0.9240578413009644
