loss,accuracy,recall,precision,miou,f1_score
0.7319292426109314,0.9117705225944519,0.9201762676239014,0.9333115816116333,0.6192522644996643,0.9119992852210999
