loss,accuracy,recall,precision,miou,f1_score
0.19790522754192352,0.913090169429779,0.9147878289222717,0.9353898167610168,0.6062448620796204,0.913196861743927
