loss,accuracy,recall,precision,miou,f1_score
0.8114150166511536,0.8149123191833496,0.8984889984130859,0.924024760723114,0.5876761078834534,0.8142081499099731
