loss,accuracy,recall,precision,miou,f1_score
0.12479385733604431,0.8964906930923462,0.895186185836792,0.920768141746521,0.582259476184845,0.8960791230201721
