loss,accuracy,recall,precision,miou,f1_score
0.11047236621379852,0.9243316054344177,0.9197308421134949,0.9330997467041016,0.6184026598930359,0.9243463277816772
