loss,accuracy,recall,precision,miou,f1_score
0.1374431699514389,0.9172104001045227,0.9218879342079163,0.935157835483551,0.6229596734046936,0.9172813296318054
