loss,accuracy,recall,precision,miou,f1_score
2.161111831665039,0.8803419470787048,0.8949783444404602,0.9233466982841492,0.5864346027374268,0.8805990815162659
