loss,accuracy,recall,precision,miou,f1_score
0.08960883319377899,0.9020312428474426,0.9204529523849487,0.9346024990081787,0.6208202242851257,0.902500331401825
