loss,accuracy,recall,precision,miou,f1_score
0.05199399217963219,0.9167799353599548,0.9197025299072266,0.9358155727386475,0.6227187514305115,0.9168234467506409
