loss,accuracy,recall,precision,miou,f1_score
0.06323295086622238,0.912909984588623,0.9178429841995239,0.9318563342094421,0.6140879392623901,0.912834107875824
