loss,accuracy,recall,precision,miou,f1_score
1.306462049484253,0.9180254340171814,0.8993737101554871,0.9251242876052856,0.5904978513717651,0.9181645512580872
