loss,accuracy,recall,precision,miou,f1_score
1.948593258857727,0.924316942691803,0.9013823866844177,0.9247024655342102,0.582056999206543,0.9243848323822021
