loss,accuracy,recall,precision,miou,f1_score
1.9882516860961914,0.8645811676979065,0.8983769416809082,0.9225752949714661,0.5844799876213074,0.8644231557846069
