loss,accuracy,recall,precision,miou,f1_score
0.8552693128585815,0.8816801309585571,0.8933401107788086,0.9247790575027466,0.5804845690727234,0.8815922141075134
