loss,accuracy,recall,precision,miou,f1_score
0.1250191330909729,0.9125770926475525,0.9220182299613953,0.9355712532997131,0.6218966841697693,0.9126896858215332
