loss,accuracy,recall,precision,miou,f1_score
0.14363045990467072,0.9190691113471985,0.9205598831176758,0.9345539212226868,0.6188173890113831,0.9192361235618591
