loss,accuracy,recall,precision,miou,f1_score
0.6460165977478027,0.8633875846862793,0.8957290649414062,0.9226226210594177,0.5816369652748108,0.8635435700416565
