loss,accuracy,recall,precision,miou,f1_score
0.40731891989707947,0.8625544905662537,0.8925187587738037,0.9199982285499573,0.5666589736938477,0.8626876473426819
