loss,accuracy,recall,precision,miou,f1_score
0.11232002079486847,0.9169978499412537,0.9198628067970276,0.9359772801399231,0.6209167838096619,0.9171295762062073
