loss,accuracy,recall,precision,miou,f1_score
0.0950881838798523,0.9350695610046387,0.9446472525596619,0.9506632089614868,0.6663455963134766,0.9351474046707153
