loss,accuracy,recall,precision,miou,f1_score
0.06953360140323639,0.9422215223312378,0.9331278800964355,0.9418303966522217,0.6425056457519531,0.9421276450157166
