loss,accuracy,recall,precision,miou,f1_score
0.06950168311595917,0.9141958355903625,0.9205787181854248,0.9337590336799622,0.6242550015449524,0.9140968322753906
