loss,accuracy,recall,precision,miou,f1_score
0.12653054296970367,0.9362446665763855,0.9433385133743286,0.9494805335998535,0.6632384657859802,0.9364228844642639
