loss,accuracy,recall,precision,miou,f1_score
0.26008933782577515,0.9236791133880615,0.9416098594665527,0.9478863477706909,0.6599804759025574,0.9234752655029297
