loss,accuracy,recall,precision,miou,f1_score
0.06241251528263092,0.9329118132591248,0.9402766823768616,0.9470548629760742,0.655066967010498,0.9329056739807129
