loss,accuracy,recall,precision,miou,f1_score
0.07143781334161758,0.9128296971321106,0.9249351024627686,0.9380694627761841,0.6314820051193237,0.9129231572151184
