loss,accuracy,recall,precision,miou,f1_score
0.07826489210128784,0.9388425350189209,0.9393498301506042,0.947481095790863,0.6578513383865356,0.9389169216156006
