loss,accuracy,recall,precision,miou,f1_score
0.0730389729142189,0.928632378578186,0.9443236589431763,0.951286792755127,0.6668655872344971,0.9288833737373352
