loss,accuracy,recall,precision,miou,f1_score
0.07855620980262756,0.9328455328941345,0.9389398694038391,0.9465243816375732,0.6571946740150452,0.9328480362892151
