loss,accuracy,recall,precision,miou,f1_score
0.19625192880630493,0.8731240630149841,0.9408837556838989,0.9480957388877869,0.6578040719032288,0.8729276061058044
