loss,accuracy,recall,precision,miou,f1_score
0.09636351466178894,0.933492124080658,0.9378023147583008,0.9452773332595825,0.6525312066078186,0.9334376454353333
