loss,accuracy,recall,precision,miou,f1_score
0.13258588314056396,0.9330615401268005,0.9310485124588013,0.9406614899635315,0.4167126715183258,0.933002769947052
