loss,accuracy,recall,precision,miou,f1_score
0.0775756984949112,0.9219286441802979,0.9427694082260132,0.9487916827201843,0.6619083881378174,0.9218822121620178
