loss,accuracy,recall,precision,miou,f1_score
0.11473865061998367,0.9212757349014282,0.9437357187271118,0.9505540132522583,0.6644136309623718,0.9210288524627686
