loss,accuracy,recall,precision,miou,f1_score
0.18201731145381927,0.9199368953704834,0.9512221813201904,0.9603773355484009,0.4023452401161194,0.9200126528739929
