loss,accuracy,recall,precision,miou,f1_score
0.05932405963540077,0.9301013946533203,0.9088917374610901,0.9227770566940308,0.5929211974143982,0.9301598072052002
