loss,accuracy,recall,precision,miou,f1_score
0.10671664774417877,0.8923084735870361,0.8953286409378052,0.9095985889434814,0.560322105884552,0.8924717307090759
