epoch,val_loss,val_accuracy,val_recall,val_precision,val_miou,val_f1_score,loss,accuracy,recall,precision,miou,f1_score,lr
1,1.3808588981628418,0.668428897857666,0.4448613226413727,0.7911278009414673,0.22923912107944489,0.0,0.8230443453788757,0.7172666788101196,0.5230558514595032,0.7415534853935242,0.2253514528274536,0.6998604536056519,0.0010000000474974513
