loss,accuracy,recall,precision,miou,f1_score
1.0784404277801514,0.8616730570793152,0.908924400806427,0.9227697253227234,0.5988627076148987,0.8626399636268616
