loss,accuracy,recall,precision,miou,f1_score
0.14772239327430725,0.9449434876441956,0.8102075457572937,0.7496774792671204,0.41519448161125183,0.9441670775413513
