loss,accuracy,recall,precision,miou,f1_score
0.13010337948799133,0.8955961465835571,0.8121703863143921,0.7388454675674438,0.4186415374279022,0.8957270383834839
