loss,accuracy,recall,precision,miou,f1_score
0.10767818242311478,0.9434324502944946,0.8129680752754211,0.7474180459976196,0.41547057032585144,0.9429752230644226
