loss,accuracy,recall,precision,miou,f1_score
0.5192153453826904,0.8505753874778748,0.7946224212646484,0.7344242930412292,0.44209784269332886,0.8508903384208679
