loss,accuracy,recall,precision,miou,f1_score
0.558322012424469,0.8449684977531433,0.7891979217529297,0.7275323867797852,0.4295051395893097,0.8444265127182007
