loss,accuracy,recall,precision,miou,f1_score
0.8796563744544983,0.8285683989524841,0.8157183527946472,0.7261183261871338,0.4194774627685547,0.8267830610275269
