loss,accuracy,recall,precision,miou,f1_score
3.6567530632019043,0.835151195526123,0.8144991397857666,0.7224084734916687,0.4260084331035614,0.8346344828605652
