loss,accuracy,recall,precision,miou,f1_score
0.20733574032783508,0.8380894660949707,0.7912451028823853,0.7288724780082703,0.44003111124038696,0.8404927253723145
