loss,accuracy,recall,precision,miou,f1_score
0.24092170596122742,0.9142202138900757,0.796369731426239,0.7223268747329712,0.41746410727500916,0.9137455224990845
