loss,accuracy,recall,precision,miou,f1_score
0.11402759701013565,0.9400189518928528,0.7948054671287537,0.7195384502410889,0.42662477493286133,0.9391345977783203
