loss,accuracy,recall,precision,miou,f1_score
0.3863208293914795,0.8417098522186279,0.7885938882827759,0.7191650867462158,0.4185452461242676,0.8418107628822327
