loss,accuracy,recall,precision,miou,f1_score
0.11356355249881744,0.9413929581642151,0.7871967554092407,0.7045688033103943,0.4241642355918884,0.9398518800735474
