loss,accuracy,recall,precision,miou,f1_score
0.10644108802080154,0.9284240007400513,0.7973960041999817,0.7282747626304626,0.4177590608596802,0.9275957345962524
