loss,accuracy,recall,precision,miou,f1_score
0.1582791805267334,0.9444443583488464,0.7990714907646179,0.7207398414611816,0.42118242383003235,0.9437426328659058
