loss,accuracy,recall,precision,miou,f1_score
0.12593990564346313,0.8845561742782593,0.7910366058349609,0.7209146618843079,0.4186502695083618,0.8848503232002258
