loss,accuracy,recall,precision,miou,f1_score
0.1039963960647583,0.9317851662635803,0.8053621649742126,0.7258853316307068,0.4207507073879242,0.9315060973167419
