loss,accuracy,recall,precision,miou,f1_score
0.10265767574310303,0.9404299259185791,0.7955371737480164,0.7111362218856812,0.4264863431453705,0.9391785264015198
