loss,accuracy,recall,precision,miou,f1_score
0.12448856234550476,0.9445418119430542,0.802662193775177,0.7194079160690308,0.4257378876209259,0.943960428237915
