loss,accuracy,recall,precision,miou,f1_score
0.10025747865438461,0.9409210681915283,0.7960106730461121,0.717496931552887,0.4242037236690521,0.9397851824760437
