loss,accuracy,recall,precision,miou,f1_score
0.1546178162097931,0.9213173389434814,0.7969393134117126,0.7144483923912048,0.42731329798698425,0.9204469919204712
