loss,accuracy,recall,precision,miou,f1_score
0.15327779948711395,0.9347106218338013,0.7917710542678833,0.7206466197967529,0.429234117269516,0.9327802658081055
