loss,accuracy,recall,precision,miou,f1_score
0.10631033778190613,0.9393345713615417,0.7878419160842896,0.7125810384750366,0.421810120344162,0.9381614327430725
