loss,accuracy,recall,precision,miou,f1_score
0.09566965699195862,0.9365952610969543,0.7956103682518005,0.708290159702301,0.4234462082386017,0.9360033869743347
