loss,accuracy,recall,precision,miou,f1_score
0.08763433992862701,0.9275913238525391,0.8051494359970093,0.7209914326667786,0.4200953543186188,0.9273775815963745
