loss,accuracy,recall,precision,miou,f1_score
0.13282740116119385,0.8793286681175232,0.7878890633583069,0.7210888862609863,0.418747216463089,0.8802747130393982
