loss,accuracy,recall,precision,miou,f1_score
0.14346572756767273,0.8974195718765259,0.7973892688751221,0.7350053191184998,0.41617611050605774,0.8968923687934875
