loss,accuracy,recall,precision,miou,f1_score
3.41593074798584,0.831879198551178,0.819129467010498,0.7267240881919861,0.4259672462940216,0.8290060758590698
