loss,accuracy,recall,precision,miou,f1_score
0.6288692355155945,0.8331284523010254,0.8313142657279968,0.8357086181640625,0.3749999403953552,0.833405613899231
