loss,accuracy,recall,precision,miou,f1_score
0.585572361946106,0.8333175778388977,0.8301777839660645,0.8369349837303162,0.37498489022254944,0.8335037231445312
