loss,accuracy,recall,precision,miou,f1_score
0.26002511382102966,0.9110859632492065,0.8974351286888123,0.9239979386329651,0.375,0.909694254398346
