loss,accuracy,recall,precision,miou,f1_score
0.2239736020565033,0.9383915066719055,0.9325760006904602,0.9449249505996704,0.3750000596046448,0.9385254383087158
