loss,accuracy,recall,precision,miou,f1_score
0.61421799659729,0.8336377739906311,0.8316329121589661,0.8358582258224487,0.37499967217445374,0.8337284922599792
