loss,accuracy,recall,precision,miou,f1_score
0.34297144412994385,0.8832079172134399,0.8678171038627625,0.8983531594276428,0.375,0.8812819123268127
