loss,accuracy,recall,precision,miou,f1_score
0.603441059589386,0.8335686326026917,0.8309745192527771,0.8363375067710876,0.375,0.8336331248283386
