loss,accuracy,recall,precision,miou,f1_score
0.1453937143087387,0.8951476812362671,0.9383420944213867,0.94698166847229,0.4130455553531647,0.8950663208961487
