loss,accuracy,recall,precision,miou,f1_score
0.1425999402999878,0.8649928569793701,0.793913722038269,0.7403042912483215,0.415770024061203,0.8651405572891235
