loss,accuracy,recall,precision,miou,f1_score
0.17666219174861908,0.8977180123329163,0.803582489490509,0.7468615174293518,0.416066974401474,0.8976996541023254
