loss,accuracy,recall,precision,miou,f1_score
0.11304490268230438,0.8904212713241577,0.8081277012825012,0.7444981932640076,0.41957908868789673,0.8902081847190857
