loss,accuracy,recall,precision,miou,f1_score
0.11897055804729462,0.9178652763366699,0.8072848320007324,0.7407509088516235,0.41612663865089417,0.9172688722610474
