loss,accuracy,recall,precision,miou,f1_score
0.1917695701122284,0.88433438539505,0.7933575510978699,0.732767641544342,0.4188868999481201,0.885542631149292
