loss,accuracy,recall,precision,miou,f1_score
0.13275299966335297,0.8956368565559387,0.8039621114730835,0.7326381206512451,0.4292958676815033,0.896159827709198
