loss,accuracy,recall,precision,miou,f1_score
0.1877070516347885,0.8940730690956116,0.8122620582580566,0.7422594428062439,0.4203634262084961,0.8952001929283142
