loss,accuracy,recall,precision,miou,f1_score
0.16379737854003906,0.8767593502998352,0.7963529229164124,0.7311422824859619,0.4263257384300232,0.8774474859237671
