loss,accuracy,recall,precision,miou,f1_score
0.19311605393886566,0.8610376715660095,0.8014280796051025,0.7427243590354919,0.41507527232170105,0.8603485822677612
