loss,accuracy,recall,precision,miou,f1_score
0.11891718953847885,0.9127189517021179,0.8066220879554749,0.745090126991272,0.4192502498626709,0.9122368097305298
