loss,accuracy,recall,precision,miou,f1_score
0.10571550577878952,0.9370996952056885,0.8097778558731079,0.7401897311210632,0.42077121138572693,0.9364638924598694
