loss,accuracy,recall,precision,miou,f1_score
0.19359959661960602,0.8847226500511169,0.8059561848640442,0.7378693222999573,0.41836827993392944,0.8847424983978271
