loss,accuracy,recall,precision,miou,f1_score
0.12249578535556793,0.9453874826431274,0.802423357963562,0.7402097582817078,0.42400872707366943,0.9444609880447388
