loss,accuracy,recall,precision,miou,f1_score
0.10299202799797058,0.9275993704795837,0.8093029856681824,0.7430434823036194,0.4167056381702423,0.9277697801589966
