loss,accuracy,recall,precision,miou,f1_score
0.0967911034822464,0.9338222742080688,0.8030563592910767,0.7443923354148865,0.41513216495513916,0.9334073066711426
