loss,accuracy,recall,precision,miou,f1_score
0.2420746386051178,0.8792877793312073,0.9196772575378418,0.9328792691230774,0.6239587664604187,0.8770995140075684
