loss,accuracy,recall,precision,miou,f1_score
0.08359615504741669,0.8989938497543335,0.9426501989364624,0.9495686888694763,0.6623417139053345,0.8993976712226868
