loss,accuracy,recall,precision,miou,f1_score
1.1920930376163597e-07,0.6540268063545227,0.7460806965827942,0.9490591287612915,0.5548096299171448,1.6666709184646606
