loss,accuracy,recall,precision,miou,f1_score
0.08931279182434082,0.8985931873321533,0.9218544960021973,0.9337435364723206,0.6248961091041565,0.8983956575393677
