loss,accuracy,recall,precision,miou,f1_score
0.14563368260860443,0.8425582051277161,0.9431561231613159,0.949437141418457,0.6637916564941406,0.842075526714325
