loss,accuracy,recall,precision,miou,f1_score
5.359589576721191,0.9302303194999695,0.9232759475708008,0.935744047164917,0.6216967701911926,0.9302340745925903
