loss,accuracy,recall,precision,miou,f1_score
0.3439779281616211,0.9287295341491699,0.9611936211585999,0.967948317527771,0.7039807438850403,0.9288690686225891
