loss,accuracy,recall,precision,miou,f1_score
0.7951090931892395,0.866304337978363,0.9606712460517883,0.9667736887931824,0.7033258080482483,0.8664571046829224
