loss,accuracy,recall,precision,miou,f1_score
0.1470521092414856,0.9152945876121521,0.7981105446815491,0.7169737815856934,0.4185219705104828,0.9164480566978455
