loss,accuracy,recall,precision,miou,f1_score
0.11155922710895538,0.923884928226471,0.7979403734207153,0.7248363494873047,0.4182139039039612,0.9229881167411804
