loss,accuracy,recall,precision,miou,f1_score
0.05489397048950195,0.9274470806121826,0.8849686980247498,0.9105284810066223,0.550092875957489,0.9276655912399292
