loss,accuracy,recall,precision,miou,f1_score
0.07720255106687546,0.9261149168014526,0.9005399942398071,0.9227245450019836,0.5778170824050903,0.9261787533760071
