loss,accuracy,recall,precision,miou,f1_score
0.2533082664012909,0.9041634798049927,0.8850934505462646,0.9096911549568176,0.5479872226715088,0.9043725728988647
