loss,accuracy,recall,precision,miou,f1_score
0.1076241061091423,0.937305748462677,0.9031476378440857,0.9264252781867981,0.5858045220375061,0.9373570084571838
