loss,accuracy,recall,precision,miou,f1_score
0.4762577414512634,0.9243534803390503,0.885219156742096,0.9126882553100586,0.5506274700164795,0.9245697855949402
