loss,accuracy,recall,precision,miou,f1_score
0.0568561889231205,0.9190819263458252,0.9012513160705566,0.9247967600822449,0.5805619359016418,0.9192708730697632
