loss,accuracy,recall,precision,miou,f1_score
0.1476307064294815,0.8657693862915039,0.902073860168457,0.923358142375946,0.5820304155349731,0.8655431270599365
