loss,accuracy,recall,precision,miou,f1_score
0.06554330885410309,0.9312480688095093,0.884840190410614,0.9090002179145813,0.5471360683441162,0.9313665628433228
