loss,accuracy,recall,precision,miou,f1_score
0.09978806227445602,0.8960700035095215,0.8853384256362915,0.9142966866493225,0.5516837239265442,0.8968713283538818
