loss,accuracy,recall,precision,miou,f1_score
0.09207702428102493,0.9276695847511292,0.9010294675827026,0.9238479137420654,0.5796155333518982,0.9276467561721802
