loss,accuracy,recall,precision,miou,f1_score
0.10863722860813141,0.9177617430686951,0.882294774055481,0.9099805951118469,0.5443773865699768,0.9179374575614929
