loss,accuracy,recall,precision,miou,f1_score
0.0749371275305748,0.8925648331642151,0.9018669128417969,0.9248853921890259,0.5805157423019409,0.8927949666976929
