loss,accuracy,recall,precision,miou,f1_score
0.23775438964366913,0.9185335040092468,0.9012927412986755,0.9233445525169373,0.5795788764953613,0.9190042614936829
