loss,accuracy,recall,precision,miou,f1_score
1.2280423641204834,0.9037363529205322,0.8825522065162659,0.9091021418571472,0.5442797541618347,0.9038538932800293
