loss,accuracy,recall,precision,miou,f1_score
0.06458280235528946,0.9223898649215698,0.8852525353431702,0.9108625054359436,0.5497049689292908,0.9225990176200867
