loss,accuracy,recall,precision,miou,f1_score
0.0792568102478981,0.9227230548858643,0.9031982421875,0.9243476986885071,0.5835551023483276,0.9227441549301147
