loss,accuracy,recall,precision,miou,f1_score
0.30107221007347107,0.9364497065544128,0.8865488171577454,0.9120265245437622,0.5514585971832275,0.936498761177063
