loss,accuracy,recall,precision,miou,f1_score
0.19649018347263336,0.9290793538093567,0.8985803723335266,0.9211555123329163,0.5755640864372253,0.9292630553245544
