loss,accuracy,recall,precision,miou,f1_score
0.05941326171159744,0.9285504221916199,0.9022601842880249,0.9241123199462891,0.5820686221122742,0.9287012815475464
