loss,accuracy,recall,precision,miou,f1_score
0.10419676452875137,0.9208855628967285,0.8864692449569702,0.9110267162322998,0.5501980781555176,0.9210803508758545
