loss,accuracy,recall,precision,miou,f1_score
0.9332786202430725,0.9163080453872681,0.9001372456550598,0.9231671094894409,0.5795242786407471,0.9164992570877075
