loss,accuracy,recall,precision,miou,f1_score
0.2320883870124817,0.9197134375572205,0.8945595026016235,0.9199824929237366,0.5670750141143799,0.9199253916740417
