loss,accuracy,recall,precision,miou,f1_score
0.1529390513896942,0.9359161257743835,0.8864409923553467,0.91123366355896,0.5493680834770203,0.9358668923377991
