loss,accuracy,recall,precision,miou,f1_score
0.1996248960494995,0.917757511138916,0.9007562398910522,0.9251934885978699,0.5823358297348022,0.9165220856666565
