loss,accuracy,recall,precision,miou,f1_score
0.1662181168794632,0.9271957278251648,0.8838891983032227,0.9123287200927734,0.5492439270019531,0.9272374510765076
