loss,accuracy,recall,precision,miou,f1_score
0.21860142052173615,0.869067370891571,0.8827705383300781,0.9093985557556152,0.5445764660835266,0.8694164156913757
