loss,accuracy,recall,precision,miou,f1_score
0.657776415348053,0.9260491728782654,0.9013648629188538,0.9228998422622681,0.5797417759895325,0.9261705875396729
