loss,accuracy,recall,precision,miou,f1_score
0.0886012613773346,0.9297175407409668,0.9049298763275146,0.9260267019271851,0.585896909236908,0.9298415184020996
