loss,accuracy,recall,precision,miou,f1_score
0.27893900871276855,0.9368374347686768,0.9026358127593994,0.9246264696121216,0.5834373831748962,0.9369349479675293
