loss,accuracy,recall,precision,miou,f1_score
0.1269821971654892,0.9212732911109924,0.8872247934341431,0.9141538739204407,0.5546596050262451,0.9213709235191345
