loss,accuracy,recall,precision,miou,f1_score
0.13025406002998352,0.9354474544525146,0.883796215057373,0.9101886749267578,0.5460498929023743,0.9355679750442505
