loss,accuracy,recall,precision,miou,f1_score
0.09941384941339493,0.9310552477836609,0.9021230936050415,0.925021231174469,0.5823931694030762,0.931165337562561
