loss,accuracy,recall,precision,miou,f1_score
0.3693523108959198,0.8524278998374939,0.8999242186546326,0.9235855340957642,0.5783395767211914,0.8521117568016052
