loss,accuracy,recall,precision,miou,f1_score
0.20599669218063354,0.9347378015518188,0.88692307472229,0.9137818217277527,0.5510197281837463,0.9340143203735352
