loss,accuracy,recall,precision,miou,f1_score
0.08736345916986465,0.9332139492034912,0.886645495891571,0.9129399657249451,0.5535922646522522,0.9333521723747253
