loss,accuracy,recall,precision,miou,f1_score
0.8088778853416443,0.9266363382339478,0.8889092206954956,0.9142967462539673,0.5575817823410034,0.9269819855690002
