loss,accuracy,recall,precision,miou,f1_score
0.28846263885498047,0.9185122847557068,0.8976842761039734,0.923271894454956,0.5700347423553467,0.9186575412750244
