loss,accuracy,recall,precision,miou,f1_score
0.17765110731124878,0.9194316864013672,0.9007862210273743,0.9229785203933716,0.5808464884757996,0.9183259606361389
