loss,accuracy,recall,precision,miou,f1_score
1.0655441284179688,0.9307293891906738,0.9012063145637512,0.9226593375205994,0.5800026059150696,0.9307968616485596
