loss,accuracy,recall,precision,miou,f1_score
0.2501981258392334,0.9297913908958435,0.9005904197692871,0.9227734208106995,0.5752220153808594,0.9299594759941101
