loss,accuracy,recall,precision,miou,f1_score
0.11474627256393433,0.9162426590919495,0.8987122774124146,0.9229567050933838,0.5770972967147827,0.9163422584533691
