loss,accuracy,recall,precision,miou,f1_score
0.06479069590568542,0.917336106300354,0.883204996585846,0.9096984267234802,0.5464247465133667,0.9173834919929504
