loss,accuracy,recall,precision,miou,f1_score
0.1293075978755951,0.9341552257537842,0.9003334045410156,0.9246387481689453,0.5783923864364624,0.9343178272247314
