loss,accuracy,recall,precision,miou,f1_score
1.3645050525665283,0.908941924571991,0.8867096900939941,0.9133556485176086,0.5554508566856384,0.9089381694793701
