loss,accuracy,recall,precision,miou,f1_score
1.2309422492980957,0.9224926233291626,0.8872516751289368,0.914038360118866,0.556740403175354,0.9224821329116821
