loss,accuracy,recall,precision,miou,f1_score
0.10555337369441986,0.9058240652084351,0.8996659517288208,0.9239339828491211,0.5774787068367004,0.9060274362564087
