loss,accuracy,recall,precision,miou,f1_score
0.5629545450210571,0.9129451513290405,0.8990845680236816,0.9213609099388123,0.5730053186416626,0.9132567048072815
