loss,accuracy,recall,precision,miou,f1_score
0.07741450518369675,0.9122235178947449,0.88640958070755,0.9125028848648071,0.5525886416435242,0.9120829105377197
