loss,accuracy,recall,precision,miou,f1_score
0.3639482259750366,0.9214248657226562,0.8969509601593018,0.9228946566581726,0.5745180249214172,0.9215320348739624
