loss,accuracy,recall,precision,miou,f1_score
0.10286257416009903,0.9260209798812866,0.8990151882171631,0.9209420680999756,0.5736544728279114,0.9262616038322449
