loss,accuracy,recall,precision,miou,f1_score
2.1859207153320312,0.9137271642684937,0.8949690461158752,0.9203819036483765,0.5699806809425354,0.9139264822006226
