loss,accuracy,recall,precision,miou,f1_score
0.606754720211029,0.8323883414268494,0.825803279876709,0.8391548991203308,0.375,0.8324000239372253
