loss,accuracy,recall,precision,miou,f1_score
0.6087235808372498,0.8326668739318848,0.8306964039802551,0.834892988204956,0.375,0.8327766060829163
