loss,accuracy,recall,precision,miou,f1_score
2.0115396976470947,0.9108119010925293,0.9347195029258728,0.9440367221832275,0.40184158086776733,0.9107075929641724
