loss,accuracy,recall,precision,miou,f1_score
0.11360476911067963,0.8240165114402771,0.9301407933235168,0.9406270980834961,0.40869924426078796,0.8240747451782227
