loss,accuracy,recall,precision,miou,f1_score
1.1920930376163597e-07,0.6535776853561401,0.11751604825258255,0.9048985838890076,0.19089654088020325,1.6666709184646606
