epoch,val_loss,val_accuracy,val_recall,val_precision,val_miou,val_f1_score,loss,accuracy,recall,precision,miou,f1_score,lr
1,1.4940135478973389,0.6591182351112366,0.7071505188941956,0.7773899435997009,0.2524586617946625,0.6591171026229858,0.5441668037176132,0.7813604474067688,0.6771149635314941,0.8138622641563416,0.2753410339355469,0.7755236625671387,0.0010000000474974513
